S.No., Package Name
1,corelist
2,guymager
3,top
4,snmptop
5,printerbanner
6,resolvectl
7,grops
8,tcpcapinfo
9,checkgid
10,ntfsfallocate
11,xpdf.real
12,xfce4-popup-whiskermenu
13,blueman-tray
14,wc
15,pyrcc5
16,responder-BrowserListener
17,clusterd
18,fincore
19,javap
20,head
21,exo-preferred-applications
22,colormgr
23,atk6-flood_solicitate6
24,blueman-manager
25,tar
26,chromeos-tpm-recovery
27,pg_config
28,playonlinux
29,fusermount
30,uname
31,setvtrgb
32,msf-jsobfu
33,expect_timed-run
34,seq
35,wineconsole
36,pg_upgradecluster
37,usbhid-dump
38,printafm
39,lconvert
40,jps
41,lp
42,nokogiri
43,cpio
44,xminicom
45,traceroute
46,dirname
47,hsc2hs
48,X
49,linux-check-removal
50,net-server
51,llvm-lto2-8
52,telnet
53,paster
54,gamma4scanimage
55,thinkjettopbm
56,enable_dev_usb_boot
57,llvm-as-8
58,editcap
59,gperf
60,pmspike
61,testdisk
62,svnadmin
63,test
64,lneato
65,minicom
66,printf
67,prtstat
68,cmp
69,ntfsrecover
70,traceproto.db
71,impacket-secretsdump
72,giftopnm
73,djpeg
74,lzfgrep
75,phar7.3
76,rx
77,pl2pm
78,pdistreport
79,nohup
80,whirlpooldeep
81,snmpcheck
82,llvm-profdata-8
83,atk6-thcping6
84,cd-create-profile
85,sar
86,dropuser
87,nm
88,hciattach
89,smbspool
90,glib-mkenums
91,ldapurl
92,pg_dropcluster
93,sccmap
94,plymouth
95,netkey-tool
96,apt-sortpkgs
97,python2-qr
98,mysql_convert_table_format
99,ldapdelete
100,bulk_extractor
101,hwloc-compress-dir
102,dev_make_keypair
103,rsync
104,pnmtotiff
105,pdftohtml
106,hex2hcd
107,lft
108,dump_kernel_config
109,pgmcrater
110,JxrDecApp
111,dbus-uuidgen
112,xsm
113,pbmtoascii
114,proxytunnel
115,ppmcolormask
116,ppmshift
117,cadaver
118,chown
119,mysql_waitpid
120,kill
121,ptargrep
122,x11_spike
123,make-cadir
124,debianbts
125,setpci
126,pg_dumpall
127,kali-undercover
128,mp3-decoder
129,expect_xkibitz
130,domainname
131,kismet_cap_kismetdb
132,x86_64-linux-gnu-ar
133,mimikatz
134,impacket-samrdump
135,asan_symbolize
136,crunch
137,snmpusm
138,lsusb
139,atk6-sendpees6
140,select-default-iwrap
141,mmcli
142,fgrep
143,blueman-assistant
144,pfbtopfa
145,vim.tiny
146,createuser
147,scp-dbus-service
148,systemd-tmpfiles
149,qmlprofiler
150,atk6-flood_router6
151,ppmtouil
152,make
153,uic3
154,pbmtogem
155,grep
156,apt-key
157,qtdiag
158,update-mime-database
159,x11perfcomp
160,zcat
161,xmodmap
162,mysqlshow
163,atk6-fake_dns6d
164,ldapmodify
165,line_send_tcp
166,pgmhist
167,pdfinfo
168,pybabel
169,llvm-pdbutil-8
170,pg_renamecluster
171,xfce4-panel
172,ri
173,osage
174,x86_64-linux-gnu-python-config
175,svnbench
176,sp64
177,atom
178,rdma
179,bzmore
180,pkttyagent
181,fuser
182,ipython3
183,lstopo-no-graphics
184,pod2man
185,xconsole
186,zdump
187,fromdos
188,jjs
189,column
190,asan_symbolize-8
191,ppmtoeyuv
192,GET
193,ppmtobmp
194,migrate-pubring-from-classic-gpg
195,crossystem
196,fc-query
197,ffind
198,caca-config
199,xargs
200,git-upload-archive
201,xdg-email
202,mpg123-strip
203,chafa
204,mysqlreport
205,vncviewer
206,mgrtopbm
207,mech-dump
208,fc-cat
209,choom
210,import
211,qtplugininfo
212,pyhtmlizer
213,w
214,vbutil_key
215,burpsuite
216,myisamchk
217,bunzip2
218,xfconf-query
219,xedit
220,atk6-flood_rs6
221,pdftops
222,dpkg-name
223,haskell-compiler
224,x86_64-linux-gnu-python3-config
225,fidentify
226,crossystem_s
227,savelog
228,pbmtowbmp
229,chcon
230,bzcmp
231,gvfs-less
232,ccache
233,hwloc-annotate
234,systemd-machine-id-setup
235,firefox
236,ghci
237,ipcrm
238,atk6-connect6
239,f2py
240,kismet_cap_sdr_rtl433
241,oLschema2ldif
242,xterm
243,clang++-8
244,passmass
245,splain
246,ike-scan
247,rzsh
248,x86_64-linux-gnu-gcc-ar-9
249,mactime
250,showrgb
251,compare-im6
252,pamstretch-gen
253,ri2.5
254,kibitz
255,ppmtopcx
256,symcryptrun
257,mpris-proxy
258,atk6-fake_router6
259,dh_numpy
260,ppmfade
261,tty
262,hexdump
263,llvm-exegesis-8
264,pic
265,Xorg
266,stl2gts
267,sha256deep
268,objdump
269,ettercap-pkexec
270,xfce4-find-cursor
271,gio-querymodules
272,xsetmode
273,lorder
274,python
275,upx-ucl
276,parecord
277,myisam_ftdump
278,users
279,iasecc-tool
280,mysqlrepair
281,innochecksum
282,mpg123.bin
283,lzmainfo
284,pi3topbm
285,ppmtopict
286,logger
287,bitmap
288,mdig
289,factor
290,apt-mark
291,text2pcap
292,qdbus
293,nbtscan
294,pnmtofits
295,pygettext3.7
296,mt-gnu
297,debconf-show
298,lslocks
299,xeyes
300,hashdeep
301,atk6-smurf6
302,pnmtotiffcmyk
303,atk6-dump_dhcp6
304,swaks
305,ldappasswd
306,xzmore
307,xkbprint
308,ssh-argv0
309,wpaclean
310,autopasswd
311,convert
312,ping6
313,watch
314,jpegtran
315,find
316,printenv
317,py3versions
318,python2.7-config
319,xzegrep
320,svnserve
321,ppmtowinicon
322,animate
323,dbus-run-session
324,impacket-netview
325,twist3
326,sotruss
327,libnetcfg
328,atk6-dos-new-ip6
329,pkcs15-tool
330,mysqlanalyze
331,kismetdb_strip_packets
332,email_validator
333,hotpatcher
334,dircolors
335,xzfgrep
336,atk6-firewall6
337,ab
338,colrm
339,statd_spike
340,as10k1
341,dltest
342,stunnel3
343,img_stat
344,dot
345,pod2html
346,base32
347,ss_spike
348,pg_archivecleanup
349,llvm-lib-8
350,lpq
351,us428control
352,pdftocairo
353,mpg123-pulse
354,vdir
355,pwdx
356,captype
357,parse-edid
358,sqldiff
359,cat
360,dpkg-buildflags
361,tftp
362,x86_64-linux-gnu-python2.7-config
363,dnsdomainname
364,7zr
365,qlalr
366,display-im6.q16
367,autopsy
368,systemd-id128
369,trial
370,cvt
371,fc-scan
372,mac2unix
373,ucfq
374,mysql_setpermission
375,manpath
376,obexctl
377,gpg-wks-server
378,unpigz
379,sunrpcfuzz
380,pphs
381,faraday-manage
382,pyuic5
383,recon-cli
384,dropdb
385,ppmcie
386,rdoc2.5
387,getcifsacl
388,bdftopcf
389,gnome-text-editor
390,systemd-hwdb
391,expect_mkpasswd
392,thunar-volman
393,pulseaudio
394,apt-extracttemplates
395,rgb3toppm
396,rahash2
397,xlogo
398,rawshark
399,hcidump
400,zforce
401,python3-wsdump
402,ppmtoxpm
403,kismetdb_dump_devices
404,anytopnm
405,xfce4-popup-notes
406,cryptoflex-tool
407,apt-cache
408,atk6-fake_mipv6
409,sc-hsm-tool
410,diff3
411,newgrp
412,ntfscat
413,dirmngr-client
414,fcgistarter
415,debconf-set-selections
416,python2-wsdump
417,ntfs-3g.probe
418,x86_64-linux-gnu-gcc-ar
419,mogrify
420,ssh-keyscan
421,dpkg-vendor
422,pwnat
423,gem
424,django-admin
425,tcpreplay
426,xfd
427,atk6-redir6
428,apm
429,pg_lsclusters
430,xfce4-power-manager-settings
431,llvm-extract-8
432,pnmtosir
433,rlogin
434,mako-render
435,ftp-rfc
436,pnmscalefixed
437,unzip
438,enc2xs
439,hsdb
440,expect_tknewsbiff
441,xdg-user-dirs-update
442,ps2ps
443,bdb_extend
444,perror
445,pkill
446,mysqlslap
447,pnmcut
448,pbmtox10bm
449,lft.db
450,dpkg-mergechangelogs
451,on_ac_power
452,qmllint
453,policytool
454,x86_64-linux-gnu-ld
455,ln
456,qterminal
457,msfvenom
458,sgitopnm
459,post_fuzz
460,ncursesw5-config
461,pgmtexture
462,grub-syslinux2cfg
463,icontopbm
464,lnstat
465,xdg-desktop-menu
466,linux-version
467,rvim
468,pmap
469,etterlog
470,cal
471,fcat
472,arj
473,xfce4-appfinder
474,pnmcomp
475,dbwrap_tool
476,pamstack
477,pnmscale
478,hwloc-ps
479,whereis
480,vncserver
481,x-session-manager
482,dnsenum
483,sbigtopgm
484,xinit
485,python3-config
486,thunar
487,screen
488,rstart
489,mergecap
490,llvm-modextract-8
491,paplay
492,mysqldumpslow
493,expect_xpstat
494,kismetdb_to_wiglecsv
495,ionice
496,gvfs-open
497,atk6-dnsdict6
498,base64
499,mpstat
500,atk6-fake_solicitate6
501,atk6-extract_networks6
502,tapestat
503,pgmnorm
504,snmpbulkwalk
505,automat-visualize
506,uncompress.real
507,sirtopnm
508,ettercap
509,wbmptopbm
510,apt-cdrom
511,pamdice
512,gunzip
513,flex
514,pydoc3
515,msf-find_badchars
516,pkcon
517,pgmbentley
518,nisdomainname
519,gdk-pixbuf-pixdata
520,expiry
521,zeisstopnm
522,gcc-ranlib
523,lesskey
524,objcopy
525,ps2pdf
526,pdb2
527,unix-privesc-check
528,tcpprep
529,xstdcmap
530,exo-csource
531,voiphopper
532,svnmucc
533,atk6-dnsrevenum6
534,screendump
535,ppmtopuzz
536,jardetector
537,pcre-config
538,mibdump
539,mk_modmap
540,xdg-settings
541,soelim
542,llvm-mc-8
543,convert-im6.q16
544,lwp-download
545,exe2hex
546,sp32
547,unsquashfs
548,ils
549,less
550,x86_64-linux-gnu-gcc-nm-9
551,gc
552,x86_64-linux-gnu-gcc
553,ppmspread
554,start-pulseaudio-x11
555,fplugin
556,mpg123-alsa
557,tempfile
558,netkit-ftp
559,usnjls
560,pg_receivexlog
561,pbmmask
562,qmlviewer
563,system-config-printer
564,transset
565,atk6-node_query6
566,hostnamectl
567,dpkg-scanpackages
568,encode_keychange
569,pnmtoplainpnm
570,gtscheck
571,gpgcompose
572,dbiprof
573,kismet_cap_sdr_rtladsb_mqtt
574,psfaddtable
575,brushtopbm
576,linguist
577,light-locker-command
578,grub-mkfont
579,exifautotran
580,samdump2
581,shasum
582,tcpreplay-edit
583,xdg-screensaver
584,fiascotopnm
585,sha1deep
586,envsubst
587,pon
588,iptables-xml
589,7za
590,pbmtonokia
591,ntlm2
592,updatedb
593,unicode_start
594,clear_console
595,xfce4-popup-clipman
596,atk6-ndpexhaust26
597,dbus-launch
598,atk6-passive_discovery6
599,ps2epsi
600,tifftopnm
601,pbmtog3
602,truncate
603,rsmangler
604,jexec
605,pg_ctlcluster
606,zsh5
607,run-parts
608,lslogins
609,ssh-copy-id
610,grotty
611,dh_numpy3
612,fsstat
613,wine64-stable
614,palmtopnm
615,kismetdb_to_kml
616,decryptdir
617,pbmtoepsi
618,ruptime
619,aria_dump_log
620,touch
621,atk6-flood_mldrouter6
622,volname
623,tightvncserver
624,gpg-zip
625,conch
626,perldoc
627,r2
628,pnmtopng
629,lbd
630,lsof
631,sanstats-8
632,perf
633,netaddr
634,netcat
635,ntpsweep
636,python-faraday
637,atobm
638,ppmtoleaf
639,editor
640,systemd-resolve
641,opt-8
642,cifscreds
643,x86_64-linux-gnu-cpp-9
644,systemd-ask-password
645,sha384sum
646,msiexec
647,msrpcfuzz_udp
648,xcursorgen
649,rdx
650,xbmtopbm
651,pgmtoppm
652,zmore
653,bundler
654,gtk-query-settings
655,decode-edid
656,eps2eps
657,grub-editenv
658,querybts
659,reindexdb
660,recordmydesktop
661,stunnel4
662,atk6-exploit6
663,p7zip
664,see
665,macchanger
666,deb-systemd-helper
667,winecfg-stable
668,peekfd
669,llvm-dwarfdump-8
670,javadoc
671,assistant
672,xhost
673,qrttoppm
674,nop
675,cryptdir
676,rmiregistry
677,unbuffer
678,gtk-launch
679,uuidparse
680,blkcat
681,ppmhist
682,winefile-stable
683,llvm-config-8
684,isdv4-serial-debugger
685,faillog
686,xzcat
687,xfdesktop
688,lpunlock
689,haddock-ghc-8.6.5
690,faked-tcp
691,findsmb
692,uptime
693,atk6-thcsyn6
694,busybox
695,timed-read
696,quakeserver
697,svnfsfs
698,gcc
699,pip3
700,nmap
701,pnmtosgi
702,cramfsswap
703,kismetdb_statistics
704,wdctl
705,quake
706,pico
707,x86_64-linux-gnu-g++-9
708,pylupdate5
709,atk6-flood_dhcpc6
710,stream-im6.q16
711,lli-child-target-8
712,udisksctl
713,xrdb
714,hwloc-distances
715,fping6
716,mysqldump
717,xfce4-color-settings
718,pathod
719,unzipsfx
720,rarun2
721,rmdir
722,xvidtune
723,word-list-compress
724,scriptreplay
725,pnmtile
726,sharesec
727,mailmail3
728,rlogin-cwd
729,pdfimages
730,aa-enabled
731,mtvtoppm
732,mysql
733,mariadb-check
734,ssh-keygen
735,llvm-objcopy-8
736,x86_64-linux-gnu-ld.bfd
737,tkconch3
738,atk6-flood_mld26
739,smproxy
740,gvfs-set-attribute
741,mpg123-jack
742,expect_dislocate
743,xfce4-session-settings
744,sudo
745,snmpdf
746,identify-im6.q16
747,conch3
748,dcparse
749,msfpc
750,ppmtomap
751,winexe
752,ipython
753,gcov-dump-9
754,responder-RunFinger
755,sleep
756,python3.7
757,clhsdb
758,env
759,responder-FindSMB2UPTime
760,bzless
761,llvm-diff-8
762,pnmnoraw
763,curlftpfs
764,ppmrelief
765,msfd
766,ucs2any
767,cjpeg
768,nmcli
769,gv2gxl
770,post_spike
771,spctoppm
772,vacuumdb
773,dpkg-checkbuilddeps
774,llvm-stress-8
775,c_rehash
776,mkfontscale
777,apropos
778,rev
779,ckeygen3
780,ghostscript
781,jstack
782,eject
783,xfwm4-tweaks-settings
784,exo-desktop-item-edit
785,whoami
786,ghci-8.6.5
787,pinentry-curses
788,yaml2obj-8
789,svnauthz
790,upx
791,pnmtofiasco
792,llvm-symbolizer-8
793,llvm-readobj-8
794,btattach
795,autoexpect
796,x86_64-linux-gnu-strings
797,gts2oogl
798,icotool
799,mmls
800,dir
801,waitress-serve
802,xfce4-settings-editor
803,egk-tool
804,expect_ftp-rfc
805,xdg-dbus-proxy
806,xzcmp
807,htpasswd
808,systemd-cat
809,debconf-apt-progress
810,htdigest
811,responder-DHCP
812,size
813,oclock
814,asciitopgm
815,thc-pptp-bruter
816,getent
817,systemd-delta
818,php
819,smbinfo
820,rename.ul
821,hydra
822,ldapsearch
823,netsed
824,ctstat
825,bmptoppm
826,rendercheck
827,gcc-ar
828,fonttosfnt
829,gvfs-ls
830,dcfujiturn16
831,systemd-analyze
832,basename
833,yes
834,dceoversmb
835,py3compile
836,gml2gv
837,gettext
838,google-chrome
839,orbd
840,x86_64-linux-gnu-as
841,jinfo
842,udevadm
843,westcos-tool
844,snmpgetnext
845,rafind2
846,sessreg
847,xhydra
848,impacket-smbserver
849,nawk
850,instmodsh
851,preconv
852,runghc-8.6.5
853,dpkg-shlibdeps
854,ntpdc
855,rz
856,lxterm
857,unix2dos
858,plog
859,compare-im6.q16
860,pkmon
861,expect_rftp
862,prlimit
863,ppmtoilbm
864,h2xs
865,xfce4-display-settings
866,dns2tcpd
867,pgmnoise
868,pdfseparate
869,jstatd
870,do_post
871,gvfs-mime
872,xclipboard
873,x86_64-linux-gnu-python3.7m-config
874,grub-mklayout
875,mysql_fix_extensions
876,llvm-elfabi-8
877,dnsrecon
878,lessecho
879,llvm-rtdyld-8
880,twistd3
881,msf-exe2vba
882,dotty
883,gvfs-move
884,xwininfo
885,wfuzz
886,pnmenlarge
887,xfdesktop-settings
888,cd-iccdump
889,qmljs
890,deallocvt
891,graphml2gv
892,ntfscluster
893,x86_64
894,playonlinux-pkg
895,webfuzz
896,arj-register
897,atk6-flood_mld6
898,lsmod
899,dpkg-statoverride
900,ex
901,snmptable
902,mysqld_multi
903,gtk-builder-tool
904,llvm-strings-8
905,qtchooser
906,syndaemon
907,winicontoppm
908,opensc-tool
909,vbutil_what_keys
910,runscript
911,x86_64-linux-gnu-objcopy
912,dpkg-buildpackage
913,systemd-inhibit
914,neotoppm
915,411toppm
916,bzexe
917,jar
918,kismet_cap_sdr_rtladsb
919,pkg-config
920,pdffonts
921,broadwayd
922,xsltproc
923,replace
924,tcpliveplay
925,py3clean
926,hashcat
927,pbmtopgm
928,gbb_utility
929,rdfdump
930,yuvsplittoppm
931,aa-exec
932,pdfdetach
933,teredo-mire
934,prune
935,generic_web_server_fuzz2
936,stat
937,pbmtext
938,lsipc
939,llvm-objdump-8
940,gvfs-monitor-dir
941,shodan
942,flask
943,pigz
944,python2
945,besside-ng-crawler
946,kismet
947,smerge
948,cd-fix-profile
949,expect_decryptdir
950,deluge-gtk
951,msf-virustotal
952,wsrep_sst_mariabackup
953,trial3
954,xfce4-popup-clipman-actions
955,captoinfo
956,jimage
957,atk6-parasite6
958,msf-makeiplist
959,ppmqvga
960,hashid
961,pager
962,linux32
963,bully
964,sputoppm
965,rmid
966,ppmtoacad
967,ssh-agent
968,atk6-flood_redir6
969,sensors-conf-convert
970,login
971,x86_64-linux-gnu-gcc-9
972,gpg-agent
973,mpg123-oss
974,last
975,x86_64-linux-gnu-addr2line
976,clang++
977,decode-vaio
978,nm-applet
979,ckbcomp
980,atk6-fake_advertise6
981,pdf-parser
982,xditview
983,x86_64-linux-gnu-gcov-9
984,mimeopen
985,onesixtyone
986,yuvtoppm
987,xsetwacom
988,cftp3
989,getfattr
990,pasuspender
991,atk6-fuzz_dhcpc6
992,parole
993,hwloc-gather-topology
994,x86_64-linux-gnu-gcov-tool
995,msf-pattern_offset
996,netstat
997,wordlists
998,resizecons
999,istat
1000,rax2
1001,ppmtoyuv
1002,pnmtops
1003,koi8rxterm
1004,multixterm
1005,gpgv
1006,ppmtojpeg
1007,x86_64-linux-gnu-objdump
1008,umax_pp
1009,llvm-nm-8
1010,nmblookup
1011,createlang
1012,pwd
1013,appres
1014,tclsh
1015,java
1016,wpscan
1017,python3.7m
1018,generic_web_server_fuzz
1019,perl5.30.0
1020,cutycapt
1021,display-im6
1022,libwacom-list-local-devices
1023,impacket-rpcdump
1024,htdbm
1025,mv
1026,mariadb
1027,diff
1028,whatweb
1029,hwloc-distrib
1030,ldrdf
1031,x86_64-linux-gnu-ld.gold
1032,snmpinform
1033,vmwarectrl
1034,unattended-upgrade
1035,umount
1036,leaftoppm
1037,tred
1038,xfsettingsd
1039,ps
1040,tdbbackup.tdbtools
1041,tjbench
1042,smbpasswd
1043,rdf2srec
1044,fallocate
1045,mimetype
1046,dcfujiturn
1047,expect_rlogin-cwd
1048,dbd
1049,mysqladmin
1050,rfcomm
1051,makeivs-ng
1052,my_print_defaults
1053,json_pp
1054,futility_s
1055,pnminterp-gen
1056,lastlog
1057,pax11publish
1058,wash
1059,hipstopgm
1060,llvm-cxxfilt-8
1061,bzdiff
1062,qdoc3
1063,thor
1064,stty
1065,atk6-flood_unreach6
1066,gslp
1067,signature_digest_utility
1068,efibootdump
1069,hcitool
1070,ppmtorgb3
1071,expect_cryptdir
1072,m4
1073,pnmpaste
1074,ptardiff
1075,snmpset
1076,commix
1077,patchwork
1078,gnome-keyring-daemon
1079,python3.7m-config
1080,python3m
1081,pad_digest_utility
1082,ldapwhoami
1083,pygmentize
1084,compare
1085,aria_chk
1086,openssl
1087,phar.phar7.3
1088,prezip
1089,sntp
1090,addpart
1091,fab-cewl
1092,setleds
1093,vbutil_keyblock
1094,llvm-readelf-8
1095,tpm-nvsize
1096,getopt
1097,expect_multixterm
1098,systemctl
1099,svnversion
1100,pdb2.7
1101,atk6-flood_router26
1102,zless
1103,gtbl
1104,ppmtopj
1105,libpng-config
1106,gv2gml
1107,msf-exe2vbs
1108,jconsole
1109,kali-setup
1110,c89-gcc
1111,kbxutil
1112,rdoc
1113,mysqloptimize
1114,gts2xyz
1115,xarchiver
1116,msf-metasm_shell
1117,dev_debug_vboot
1118,ppmquantall
1119,x86_64-linux-gnu-readelf
1120,update-leap
1121,msf-pdf2xdp
1122,from
1123,pg_isready
1124,pg_receivewal
1125,ntfs-3g
1126,generic_send_tcp
1127,nping
1128,ppmtompeg
1129,scprofiler
1130,sbd
1131,traceroute.db
1132,ruby2.5
1133,2to3-2.7
1134,multimac
1135,llvm-dis-8
1136,kali-treecd
1137,xfreerdp
1138,gpgsplit
1139,ptar
1140,pbmtextps
1141,wsdump
1142,setfont
1143,pcf2vpnc
1144,pamon
1145,snmpnetstat
1146,intel-virtual-output
1147,attr
1148,locate
1149,pnmshear
1150,pbmlife
1151,ssh
1152,sg
1153,mlocate
1154,mesg
1155,cifsdd
1156,perlthanks
1157,xmag
1158,expect_autoexpect
1159,mkpasswd
1160,keytool
1161,snmpping
1162,sendEmail
1163,join
1164,dh_perl_dbi
1165,patator
1166,b2sum
1167,grub-glue-efi
1168,jrunscript
1169,miniterm
1170,glib-genmarshal
1171,atk6-four2six
1172,systemd-sysusers
1173,ppmdim
1174,ncursesw6-config
1175,genresscript
1176,xgamma
1177,pnmmargin
1178,expect_timed-read
1179,compose
1180,html2markdown.py2
1181,pldd
1182,gcc-nm
1183,diffimg
1184,tsk_recover
1185,wsrep_sst_rsync_wan
1186,xlsclients
1187,xkbcomp
1188,xcalc
1189,keyctl
1190,infotocap
1191,smbstatus
1192,unexpand
1193,gpgtar
1194,dumpcap
1195,ascii-xfr
1196,pw-inspector
1197,glib-gettextize
1198,xvinfo
1199,sslsplit
1200,vimtutor
1201,openpgp-tool
1202,fitstopnm
1203,circo
1204,llvm-ar-8
1205,pnmtoddif
1206,vmstat
1207,calendar
1208,gem2.5
1209,ldapadd
1210,cc
1211,htcacheclean
1212,ivstools
1213,convert-im6
1214,rm
1215,free
1216,verify_data
1217,pkcheck
1218,finger
1219,msf-msf_irb_shell
1220,btmon
1221,lispmtopgm
1222,l2ping
1223,mysqlbinlog
1224,xfce4-session-logout
1225,responder-MultiRelay
1226,gvpr
1227,systemd-detect-virt
1228,man
1229,wrjpgcom
1230,msfdb
1231,ppmbrighten
1232,gcov
1233,xkbwatch
1234,tmux
1235,mdatopbm
1236,ntfsdecrypt
1237,dbilogstrip
1238,hdajacksensetest
1239,grub-fstest
1240,x86_64-linux-gnu-g++
1241,xfce4-taskmanager
1242,nl
1243,runhaskell
1244,wish
1245,setterm
1246,sensible-browser
1247,pbmupc
1248,xfce4-power-manager
1249,grub-menulst2cfg
1250,kismet_cap_linux_bluetooth
1251,bluetoothctl
1252,pathoc
1253,x86_64-linux-gnu-pkg-config
1254,edgepaint
1255,vbutil_kernel
1256,pg_buildext
1257,atk6-fragrouter6
1258,gpasswd
1259,x86_64-linux-gnu-ranlib
1260,nmtui-hostname
1261,opensc-notify
1262,testparm
1263,xauth
1264,usb-devices
1265,POST
1266,dnie-tool
1267,nikto
1268,sha1sum
1269,mogrify-im6.q16
1270,blueman-services
1271,ld.bfd
1272,impacket-ticketer
1273,html2markdown
1274,rnano
1275,hydra-wizard
1276,polenum
1277,who
1278,lefty
1279,fakeroot-sysv
1280,zsh
1281,dpkg-split
1282,pbmmake
1283,lowntfs-3g
1284,hostid
1285,setfacl
1286,xtightvncviewer
1287,nmtui-connect
1288,sqlmap
1289,gencat
1290,wineconsole-stable
1291,gxl2dot
1292,pth-curl
1293,enchant
1294,Thunar
1295,pg_basebackup
1296,wineserver
1297,pcreate
1298,pnmtoxwd
1299,bmpblk_utility
1300,ghc
1301,chattr
1302,cpan5.30-x86_64-linux-gnu
1303,dcraw
1304,pkexec
1305,c99
1306,pnmhistmap
1307,gouldtoppm
1308,write
1309,traceroute6
1310,resize
1311,ps2ps2
1312,pa-info
1313,dpkg-genbuildinfo
1314,pod2usage
1315,xzdiff
1316,i686-linux-gnu-pkg-config
1317,HEAD
1318,zgrep
1319,sftp
1320,dvipdf
1321,zcmp
1322,ntfsmove
1323,system-config-printer-applet
1324,fc-conflist
1325,sdptool
1326,gvfs-tree
1327,nmtui
1328,thunar-settings
1329,generic_listen_tcp
1330,ldapcompare
1331,regsvr32-stable
1332,listres
1333,myisampack
1334,atk6-fake_mldrouter6
1335,dpkg-architecture
1336,mytop
1337,xdg-icon-resource
1338,rdf2com
1339,winedbg
1340,Xvnc
1341,pg_createcluster
1342,chardetect
1343,rtstat
1344,hostname
1345,egrep
1346,ar
1347,llvm-rc-8
1348,dpkg-source
1349,mpg123-openal
1350,searchsploit
1351,debtags
1352,xman
1353,host
1354,qtpaths
1355,dpkg-trigger
1356,expect_autopasswd
1357,tee
1358,ntfsinfo
1359,expr
1360,ntfssecaudit
1361,prequest
1362,podchecker
1363,pgmramp
1364,schedtool
1365,w.procps
1366,pnmpsnr
1367,ps2txt
1368,llc-8
1369,unxz
1370,debconf
1371,xfce4-terminal
1372,xmllint
1373,xflock4
1374,javac
1375,ntptrace
1376,dpkg-maintscript-helper
1377,tac
1378,rdesktop
1379,rgrep
1380,rake
1381,x86_64-linux-gnu-python2-config
1382,systemd-socket-activate
1383,nproc
1384,samba-regedit
1385,skill
1386,qmake
1387,atk6-detect_sniffer6
1388,notify-send
1389,gzexe
1390,rawtopgm
1391,atk6-fake_mld26
1392,rawtoppm
1393,mm2gv
1394,ghc-pkg
1395,img_cat
1396,pgmtolispm
1397,openvt
1398,generic_send_udp
1399,keyring
1400,obj2yaml-8
1401,sudoreplay
1402,ul
1403,gnome-keyring
1404,msf-nasm_shell
1405,etterfilter
1406,atk6-fuzz_dhcps6
1407,decode-dimms
1408,dh_pypy
1409,x86_64-linux-gnu-gcc-ranlib-9
1410,troff
1411,dnstap-read
1412,radare2
1413,pygettext
1414,sensors
1415,pbmtogo
1416,git-shell
1417,phantomjs
1418,ophcrack-cli
1419,timeout
1420,gobject-query
1421,pinentry-gnome3
1422,glxinfo
1423,chardet
1424,pbmtoplot
1425,r2agent
1426,pyversions
1427,dmesg
1428,droplang
1429,net
1430,mysqld_safe
1431,xsubpp
1432,lsns
1433,neofetch
1434,ruby
1435,pnmcolormap
1436,print
1437,extresso
1438,encguess
1439,sendmsrpc
1440,sensible-editor
1441,tigerdeep
1442,ptx
1443,pydoc3.7
1444,alembic
1445,ghc-pkg-8.6.5
1446,identify
1447,kismet_cap_sdr_rtlamr_mqtt
1448,udptunnel
1449,jlink
1450,pyclean
1451,gdk-pixbuf-csource
1452,svndumpfilter
1453,pth-wmis
1454,lpoptions
1455,blueman-sendto
1456,tkpasswd
1457,blueman-adapters
1458,yaml-bench-8
1459,l2test
1460,fierce
1461,srch_strings
1462,ulockmgr_server
1463,mkdir
1464,dh_python3
1465,numfmt
1466,dwp
1467,JxrEncApp
1468,pnmquant
1469,xzgrep
1470,grub-mount
1471,desktop-file-install
1472,pbmtopsg3
1473,wget
1474,hexeditor
1475,zfgrep
1476,xfce4-popup-applicationsmenu
1477,phar
1478,gvfs-cat
1479,atk6-toobig6
1480,atk6-address6
1481,ldd
1482,pbmtoepson
1483,gtstemplate
1484,pbmtoppa
1485,hwloc-diff
1486,ypdomainname
1487,xmlpatternsvalidator
1488,atk6-fuzz_ip6
1489,scapy2
1490,realpath
1491,expect_kibitz
1492,uuidgen
1493,pgmslice
1494,jstat
1495,atk6-ndpexhaust6
1496,ipcs
1497,pnmmontage
1498,aria_ftdump
1499,pgmtofs
1500,tcprewrite
1501,uic
1502,binwalk
1503,pth-sqsh
1504,ppmmake
1505,systemd
1506,qr
1507,jpeg_extract
1508,pg_recvlogical
1509,pydoc2.7
1510,stream-im6
1511,telnet.netkit
1512,theHarvester
1513,readlink
1514,unlink
1515,ntlm_brute
1516,grub-mkstandalone
1517,atk6-detect-new-ip6
1518,apt-get
1519,sha256sum
1520,wafw00f
1521,createdb
1522,tr
1523,awk
1524,gts2stl
1525,pactl
1526,randpkt
1527,gnome-www-browser
1528,apt-listchanges
1529,apt-add-repository
1530,maltego
1531,snmp-bridge-mib
1532,traceroute6.db
1533,svn
1534,7z
1535,lupdate
1536,hpc
1537,jhsdb
1538,ischroot
1539,ximtoppm
1540,x86_64-linux-gnu-gcov-dump-9
1541,xfwm4-settings
1542,zipcloak
1543,perlivp
1544,rpcgen
1545,xmessage
1546,md5sum
1547,xvncviewer
1548,xpmtoppm
1549,rb
1550,imagetops
1551,pnmhisteq
1552,pamcut
1553,slogin
1554,davtest
1555,colcrt
1556,tsk_comparedir
1557,xfce4-mime-settings
1558,dirb
1559,dm-tool
1560,funzip
1561,xclock
1562,chvt
1563,tabs
1564,localedef
1565,gio
1566,skipfish
1567,rletopnm
1568,aspell
1569,sendemail
1570,cd-it8
1571,chardetect3
1572,cewl
1573,vacuumlo
1574,xfce4-notifyd-config
1575,tpm_init_temp_fix
1576,cygdb
1577,setupcon
1578,pbmtomgr
1579,tnameserv
1580,pnmdepth
1581,hupper
1582,ophcrack
1583,run-with-aspell
1584,windows-binaries
1585,dpkg-scansources
1586,bzegrep
1587,eatmydata
1588,sigfind
1589,dump_fmap
1590,ps2pdf13
1591,x-terminal-emulator
1592,responder-FindSQLSrv
1593,fdp
1594,snmptranslate
1595,xdg-desktop-icon
1596,atk6-implementation6d
1597,qml
1598,bootctl
1599,pbmtoybm
1600,dirmngr
1601,xzless
1602,sprof
1603,whois
1604,snmp-check
1605,x-window-manager
1606,blkstat
1607,closed_source_web_server_fuzz
1608,smbcontrol
1609,rpcclient
1610,expect_passmass
1611,plugin_test
1612,hwloc-assembler-remote
1613,gcc-ranlib-9
1614,ppmtolj
1615,xwdtopnm
1616,x86_64-linux-gnu-gcc-nm
1617,gprof
1618,pnmindex
1619,parec
1620,mt
1621,pixeltool
1622,ppmtv
1623,rdf2bin
1624,ppmtopi1
1625,runghc
1626,kismet_cap_sdr_rtlamr
1627,pg_virtualenv
1628,wineserver-stable
1629,png-fix-itxt
1630,sensible-pager
1631,atk6-rsmurf6
1632,nmtui-edit
1633,dbus-monitor
1634,psfstriptable
1635,msfrpcd
1636,tset
1637,html2dic
1638,xmlpatterns
1639,xwd
1640,montage-im6.q16
1641,chrt
1642,photorec
1643,amass
1644,pdfid
1645,msf-hmac_sha1_crack
1646,reaver
1647,winepath
1648,xxd
1649,grub-script-check
1650,sbiload
1651,light-locker
1652,eyuvtoppm
1653,calc_tickadj
1654,twistd
1655,llvm-PerfectShuffle-8
1656,fern-wifi-cracker
1657,lzdiff
1658,unrar-nonfree
1659,md5deep
1660,taskset
1661,python2-pasteurize
1662,comm
1663,grub-mkimage
1664,grepjar
1665,x11perf
1666,snmpps
1667,scp
1668,impacket-wmiexec
1669,glxgears
1670,x-www-browser
1671,dd
1672,ppmdist
1673,expect_tkpasswd
1674,xkbbell
1675,gcc-ar-9
1676,select-editor
1677,grog
1678,qtattributionsscanner
1679,dpkg
1680,i386
1681,lrelease
1682,kazam
1683,gvpack
1684,rview
1685,rcp
1686,resolveip
1687,xfwm4
1688,atk6-inject_alive6
1689,erb
1690,impacket-ntlmrelayx
1691,pybuild
1692,setpriv
1693,capinfos
1694,zegrep
1695,ppmtoicr
1696,kismet_server
1697,macptopbm
1698,erb2.5
1699,pdftotext
1700,mariadb-service-convert
1701,wine64
1702,csplit
1703,ppmpat
1704,look
1705,f2py3
1706,zdiff
1707,winecfg
1708,xiccd
1709,gvfs-mount
1710,identify-im6
1711,subl
1712,ldapexop
1713,namei
1714,jp2a
1715,inetsim
1716,x86_64-linux-gnu-gold
1717,ucf
1718,python2-futurize
1719,pnmpad
1720,gxl2gv
1721,sorter
1722,ppmtotga
1723,sha512sum
1724,gvfs-rm
1725,chrpath
1726,faraday-client
1727,conjure-im6
1728,kernel-install
1729,jdb
1730,smbtree
1731,ppm3d
1732,routel
1733,fmt
1734,localectl
1735,animate-im6
1736,chgrp
1737,crontab
1738,tclsh8.6
1739,sh
1740,atk6-fake_mld6
1741,responder-Icmp-Redirect
1742,sx
1743,pnmtojpeg
1744,irb2.5
1745,git
1746,canberra-gtk-play
1747,systemd-notify
1748,xmore
1749,pcxtoppm
1750,journalctl
1751,xfce4-mouse-settings
1752,x86_64-linux-gnu-gcov-dump
1753,ldapdomaindump
1754,ghc-8.6.5
1755,xdpyinfo
1756,snmpwalk
1757,catman
1758,cksum
1759,rdjpgcom
1760,mysqlcheck
1761,getkeycodes
1762,sakis3g
1763,llvm-link-8
1764,prove
1765,profiles
1766,hash-identifier
1767,pgmoil
1768,add-apt-repository
1769,ppmntsc
1770,ciptool
1771,lspgpot
1772,rctest
1773,hwloc-ls
1774,lzegrep
1775,lsinitramfs
1776,mpg123-portaudio
1777,leafpad
1778,utmpdump
1779,xfce4-about
1780,fastjar
1781,pamfile
1782,montage
1783,fiwalk
1784,masscan
1785,atk6-covert_send6
1786,ping4
1787,ptweens
1788,verify-uselistorder-8
1789,compress
1790,qmlcachegen
1791,ybmtopbm
1792,passwd
1793,twist
1794,msql2mysql
1795,pbmtopi3
1796,xev
1797,jls
1798,composite-im6.q16
1799,true
1800,ld
1801,xfce4-sensors
1802,rearj
1803,fc-validate
1804,expect_lpunlock
1805,kismet_cap_freaklabs_zigbee
1806,ncurses5-config
1807,blueman-applet
1808,perl5.30-x86_64-linux-gnu
1809,impacket-GetUserSPNs
1810,x86_64-linux-gnu-gcov
1811,grub-kbdcomp
1812,blkcalc
1813,wsrep_sst_common
1814,pnmcrop
1815,pnmconvol
1816,winepath-stable
1817,sqlite3
1818,netmask
1819,chsh
1820,ntfsfix
1821,du
1822,dccleancrw
1823,xsetpointer
1824,xfburn
1825,pbmpscale
1826,llvm-bcanalyzer-8
1827,cupstestppd
1828,pasteurize
1829,rmic
1830,geqn
1831,iceauth
1832,unicode_stop
1833,pkcs15-init
1834,xrandr
1835,setxkbmap
1836,dbus-update-activation-environment
1837,llvm-cxxdump-8
1838,kstats
1839,pnmflip
1840,cabextract
1841,ddcmon
1842,llvm-strip-8
1843,lcf
1844,piv-tool
1845,snmptrap
1846,atk6-connsplit6
1847,delv
1848,pstree
1849,ppmmix
1850,wpa_passphrase
1851,jmap
1852,g++
1853,pslog
1854,dns2tcpc
1855,wrestool
1856,uxterm
1857,xcutsel
1858,rdflib
1859,x86_64-linux-gnu-gprof
1860,false
1861,qdoc
1862,hfind
1863,atk6-randicmp6
1864,dot2gxl
1865,qmlbundle
1866,groups
1867,dirb-gendict
1868,lzcat
1869,smbmap
1870,lesspipe
1871,python2.7
1872,sqlitebrowser
1873,snmpconf
1874,dpkg-query
1875,montage-im6
1876,p11-kit
1877,dave
1878,dijkstra
1879,kismet_cap_sdr_rtl433_mqtt
1880,rbash
1881,preunzip
1882,nano
1883,dash
1884,pserve
1885,code
1886,mitmdump
1887,dsymutil-8
1888,xcmsdb
1889,xfontsel
1890,gsdj
1891,gtester-report
1892,sync
1893,fc-cache
1894,synclient
1895,delaunay
1896,ckeygen
1897,import-im6
1898,opensc-explorer
1899,atk6-fake_dhcps6
1900,gtscompare
1901,smbget
1902,viewres
1903,desktop-file-edit
1904,bzcat
1905,faraday-server
1906,ilbmtoppm
1907,sed
1908,xkbevd
1909,x86_64-linux-gnu-gcov-tool-9
1910,man-recode
1911,weevely
1912,sqlmapapi
1913,ncal
1914,ppmrainbow
1915,dotlockfile
1916,mmcat
1917,os-prober
1918,pnmtorast
1919,clang-cpp-8
1920,xpstat
1921,atk6-fake_pim6
1922,xvminitoppm
1923,xwud
1924,pnminterp
1925,innotop
1926,pdb3.7
1927,ncurses6-config
1928,timedatectl
1929,gvfs-monitor-file
1930,pgrep
1931,busctl
1932,upower
1933,pdb
1934,ps2pdfwr
1935,pgmenhance
1936,sdl-config
1937,killall
1938,replay.pl
1939,llvm-dwp-8
1940,fakeroot-tcp
1941,atk6-redirsniff6
1942,exiv2
1943,script
1944,paste
1945,chage
1946,gcr-viewer
1947,conjure
1948,systemd-run
1949,dpkg-gensymbols
1950,cifsiostat
1951,lsb_release
1952,myisamlog
1953,llvm-mt-8
1954,mousepad
1955,ping
1956,gsnd
1957,isdv4-serial-inputattach
1958,systemd-umount
1959,catchsegv
1960,pnmsmooth
1961,psk-crack
1962,lzma
1963,bsd-write
1964,pbmtoptx
1965,c++
1966,regsvr32
1967,pamoil
1968,efibootmgr
1969,pbmreduce
1970,psidtopgm
1971,wineboot
1972,pkcs11-tool
1973,groff
1974,lpstat
1975,qdbusviewer
1976,systemd-tty-ask-password-agent
1977,yacc
1978,pnmrotate
1979,composite
1980,tpmc
1981,libpng16-config
1982,elfedit
1983,expect_unbuffer
1984,xfce4-screenshooter
1985,spooftooph
1986,ppmtogif
1987,x86_64-linux-gnu-dwp
1988,dumpmscat
1989,gslj
1990,b43-fwcutter
1991,x86_64-pc-linux-gnu-pkg-config
1992,xz
1993,wsrep_sst_rsync
1994,xdg-mime
1995,jdeprscan
1996,mpg123-nas
1997,out123
1998,exo-open
1999,nasm
2000,hwloc-assembler
2001,hd
2002,dpl4hydra
2003,partx
2004,svnlook
2005,xmlcatalog
2006,pnmarith
2007,col
2008,tcpbridge
2009,pydoc
2010,fc-list
2011,x86_64-linux-gnu-cpp
2012,xdg-open
2013,tgatoppm
2014,fc-pattern
2015,ntfswipe
2016,windows-resources
2017,st4topgm
2018,g3topbm
2019,dpkg-genchanges
2020,startx
2021,tsk_gettimes
2022,xfwm4-workspace-settings
2023,gdk-pixbuf-thumbnailer
2024,stream
2025,ppmnorm
2026,gdbus-codegen
2027,fc-match
2028,tightvncpasswd
2029,jcmd
2030,nc.traditional
2031,ppmtoyuvsplit
2032,tsort
2033,icat
2034,rsh
2035,glxheads
2036,rasm2
2037,tload
2038,iostat
2039,pdftoppm
2040,stdbuf
2041,xfce4-popup-directorymenu
2042,faked-sysv
2043,llvm-lto-8
2044,cut
2045,xload
2046,automat-visualize3
2047,ndisasm
2048,fstopgm
2049,llvm-ranlib-8
2050,usbreset
2051,cython
2052,ps2pdf12
2053,sdiff
2054,flock
2055,lzop
2056,pbmpage
2057,neato
2058,cluster
2059,radiff2
2060,routef
2061,magicsort
2062,addr2line
2063,arch
2064,x86_64-linux-gnu-c++filt
2065,chacl
2066,msf-java_deserializer
2067,pdf2ps
2068,llvm-size-8
2069,c99-gcc
2070,gpg-connect-agent
2071,expect
2072,galera_new_cluster
2073,gs
2074,gpp-decrypt
2075,bioradtopgm
2076,unflatten
2077,proxychains3
2078,networkctl
2079,watchgnupg
2080,tshark
2081,kbd_mode
2082,gnome-keyring-3
2083,qtconfig
2084,qdbusxml2cpp
2085,rcc
2086,locale
2087,gcc-9
2088,gvmap
2089,vimdiff
2090,conchftp
2091,pinentry-x11
2092,linux-update-symlinks
2093,dbus-send
2094,msrpcfuzz
2095,airdecloak-ng
2096,blueman-report
2097,bzip2recover
2098,magicrescue
2099,resizepart
2100,dupemap
2101,ppmcolors
2102,qml1plugindump
2103,jsonschema
2104,bash-wrapper
2105,eqn
2106,as
2107,sz
2108,dos2unix
2109,gawk
2110,xdriinfo
2111,tail
2112,ppmtoneo
2113,smbtar
2114,lwp-dump
2115,atk6-inverse_lookup6
2116,xfrun4
2117,xpdf
2118,xgc
2119,rwho
2120,unrar
2121,pth-wmic
2122,composite-im6
2123,wine-stable
2124,pygettext3
2125,gsdj500
2126,mysql_embedded
2127,tzselect
2128,mysql_tzinfo_to_sql
2129,pgmedge
2130,jpegtopnm
2131,futurize
2132,padsp
2133,sb
2134,reset
2135,pg_restore
2136,unattended-upgrades
2137,buddy-ng
2138,tsk_loaddb
2139,scapy3
2140,lscpu
2141,unlzma
2142,pyhtmlizer3
2143,pnmnlfilt
2144,recon-ng
2145,atk6-sendpeesmp6
2146,pg_conftool
2147,dnschef
2148,toe
2149,h2ph
2150,pjtoppm
2151,gvfs-save
2152,atk6-alive6
2153,splitfont
2154,pbmtomda
2155,powersploit
2156,pdbedit
2157,rasttopnm
2158,git-upload-pack
2159,codepage
2160,lsmem
2161,gcov-tool
2162,df
2163,llvm-cvtres-8
2164,load_kernel_test
2165,bugpoint-8
2166,vim.basic
2167,loadkeys
2168,mailmail
2169,samba-tool
2170,dpkg-distaddfile
2171,pack200
2172,patch
2173,su
2174,cardos-tool
2175,xfce4-settings-manager
2176,xrefresh
2177,sslyze
2178,gatttool
2179,ncrack
2180,halflife
2181,blkls
2182,msfrpc
2183,delpart
2184,clang-8
2185,ls
2186,ragg2
2187,date
2188,cpan
2189,slabtop
2190,uniq
2191,gpgconf
2192,ntfscmp
2193,atk6-fake_router26
2194,twopi
2195,cancel
2196,ppmdither
2197,showconsolefont
2198,xfce4-clipman
2199,gts2dxf
2200,gvcolor
2201,ppmtomitsu
2202,msfupdate
2203,tknewsbiff
2204,gpg
2205,podselect
2206,ifind
2207,mmdbresolve
2208,clusterdb
2209,more
2210,scapy
2211,sfdp
2212,cryptcat
2213,mountpoint
2214,glib-compile-schemas
2215,jaotc
2216,xfce4-dict
2217,grub-render-label
2218,bzfgrep
2219,qvkgen
2220,msfconsole
2221,grub-mkpasswd-pbkdf2
2222,wall
2223,python3-jsonschema
2224,resolve_stack_dump
2225,pavucontrol
2226,pnmfile
2227,conjure-im6.q16
2228,c89
2229,pybabel-python2
2230,atk6-trace6
2231,atk6-toobigsniff6
2232,xfce4-session
2233,systemd-path
2234,pnmnorm
2235,renice
2236,tdbdump
2237,jarwrapper
2238,git-receive-pack
2239,lwp-request
2240,icalendar
2241,lzgrep
2242,kismet_cap_nrf_mousejack
2243,ntfsusermap
2244,xfce4-keyboard-settings
2245,pth-smbclient
2246,link
2247,ftp
2248,lex
2249,hwloc-patch
2250,pnmremap
2251,rstartd
2252,pnmtopalm
2253,view
2254,systemd-mount
2255,ppmtopgm
2256,atk6-covert_send6d
2257,monitor-sensor
2258,gcov-dump
2259,zipsplit
2260,cherrytree
2261,tput
2262,qhelpconverter
2263,x86_64-linux-gnu-strip
2264,xfce4-accessibility-settings
2265,xprop
2266,g++-9
2267,btmgmt
2268,dig
2269,gsbj
2270,tkconch
2271,nice
2272,traceproto
2273,mapscrn
2274,gvfs-info
2275,flac
2276,acyclic
2277,vncconnect
2278,gvfs-trash
2279,ld.gold
2280,se-toolkit
2281,gtf
2282,bashbug
2283,dh_perl_openssl
2284,gvgen
2285,Xtightvnc
2286,proutes
2287,jcat
2288,firefox-esr
2289,zipnote
2290,snmptest
2291,strings
2292,glib-compile-resources
2293,runcon
2294,unpack200
2295,atk6-dnssecwalk
2296,getconf
2297,lzless
2298,pinentry
2299,scalpel
2300,vi
2301,xfce4-clipman-settings
2302,msf-md5_lookup
2303,axel
2304,nsupdate
2305,pbmto10x
2306,update-alternatives
2307,ngrep
2308,edit
2309,vim
2310,readelf
2311,lstopo
2312,transform
2313,setmetamode
2314,kali-winexec
2315,pbmtomacp
2316,x86_64-linux-gnu-gcc-ranlib
2317,gemtopbm
2318,llvm-dlltool-8
2319,llvm-xray-8
2320,curl
2321,python3.7-config
2322,smbcquotas
2323,gvfs-mkdir
2324,pbmtocmuwm
2325,znew
2326,flex++
2327,citrix
2328,systemd-cgls
2329,expand
2330,gcov-tool-9
2331,poff
2332,xset
2333,ldapmodrdn
2334,pdfunite
2335,fgconsole
2336,tdbtool
2337,ip
2338,gzip
2339,xfhelp4
2340,prezip-bin
2341,atk6-denial6
2342,bdftruncate
2343,efidecompress
2344,ntpq
2345,gtester
2346,lastb
2347,pinky
2348,pcre2-config
2349,xlsatoms
2350,gids-tool
2351,peepdf
2352,mount
2353,dh_python2
2354,mksquashfs
2355,pygettext2.7
2356,kismet_cap_linux_wifi
2357,setarch
2358,wish8.6
2359,pacat
2360,mitmweb
2361,pbmtozinc
2362,x86_64-linux-gnu-size
2363,pwgen
2364,kbdinfo
2365,dmitry
2366,pdb3
2367,dumpRSAPublicKey
2368,atk6-kill_router6
2369,arjdisp
2370,dirbuster
2371,aria_pack
2372,pngfix
2373,designer
2374,mmstat
2375,getfacl
2376,unix2mac
2377,reordercap
2378,xlsfonts
2379,llvm-cov-8
2380,nordvpn
2381,vbutil_firmware
2382,lexgrog
2383,piconv
2384,vncpasswd
2385,psql
2386,hwloc-calc
2387,airolib-ng
2388,mysql_secure_installation
2389,qcollectiongenerator
2390,eidenv
2391,bundle
2392,pth-winexe
2393,fixproc
2394,neqn
2395,llvm-c-test-8
2396,mpg123-id3dump
2397,file
2398,bccmd
2399,xfce4-popup-places
2400,x86_64-linux-gnu-elfedit
2401,gold
2402,jdeps
2403,[
2404,lessfile
2405,serialver
2406,qgltf
2407,atk6-flood_advertise6
2408,pgmkernel
2409,paperconf
2410,pnminvert
2411,findmnt
2412,deb-systemd-invoke
2413,pkcs15-crypt
2414,mknod
2415,mandb
2416,pydoc2
2417,ppmtosixel
2418,pnmtorle
2419,gcc-nm-9
2420,sqsh
2421,tic
2422,iconv
2423,logname
2424,glxdemo
2425,gapplication
2426,snmpdelta
2427,florence
2428,regedit-stable
2429,clear
2430,fold
2431,eficompress
2432,perlbug
2433,mysqld_safe_helper
2434,pftp
2435,regedit
2436,bmptopnm
2437,dpkg-gencontrol
2438,sldtoppm
2439,winefile
2440,gsettings
2441,phar.phar
2442,ucfr
2443,google-chrome-stable
2444,qhelpgenerator
2445,dbus-cleanup-sockets
2446,ldd2bloodhound
2447,x86_64-linux-gnu-python3.7-config
2448,mkfifo
2449,editres
2450,display
2451,pviews
2452,rabin2
2453,snmpget
2454,fakeroot
2455,dpkg-divert
2456,opensc-asn1
2457,xcape
2458,dns-rebind
2459,gpgsm
2460,ristretto
2461,wsrep_sst_mysqldump
2462,aspell-import
2463,pth-rpcclient
2464,which
2465,todos
2466,nroff
2467,vimdot
2468,systemd-cgtop
2469,deluge
2470,xfce4-notes
2471,uncompress
2472,mpg123
2473,qdbuscpp2xml
2474,rotatelogs
2475,ntfstruncate
2476,ccomps
2477,desktop-file-validate
2478,npa-tool
2479,mkfontdir
2480,fping
2481,smbcacls
2482,xkibitz
2483,lspci
2484,bwrap
2485,pstopnm
2486,llvm-undname-8
2487,xfce4-popup-windowmenu
2488,setcifsacl
2489,rdf2ith
2490,bison.yacc
2491,mcookie
2492,xkill
2493,pbmclean
2494,faraday
2495,webshells
2496,xsetroot
2497,ngettext
2498,pbmtolj
2499,f2py2.7
2500,trust
2501,loginctl
2502,bmtoa
2503,mysql_install_db
2504,traceroute-nanog
2505,strip
2506,gvfs-copy
2507,run-mailcap
2508,dumpkeys
2509,kmod
2510,rrsync
2511,gdbus
2512,llvm-cat-8
2513,whatis
2514,whiptail
2515,xfce4-appearance-settings
2516,x86_64-linux-gnu-python3m-config
2517,unmkinitramfs
2518,snmpvacm
2519,mp32
2520,python3m-config
2521,dot_builtins
2522,split
2523,pathchk
2524,snice
2525,clang
2526,debconf-communicate
2527,setfattr
2528,sar.sysstat
2529,apt
2530,svnsync
2531,jpegexiforient
2532,ntfsls
2533,mvxattr
2534,wine
2535,futility
2536,f2py3.7
2537,updatedb.mlocate
2538,ispell-wrapper
2539,sha224sum
2540,pbmtoatk
2541,msf-halflm_second
2542,recon-web
2543,tdbbackup
2544,atk6-dump_router6
2545,pod2text
2546,mitmproxy
2547,enchant-lsmod
2548,pipal
2549,rdf2ihx
2550,gts-config
2551,airdecap-ng
2552,luit
2553,packetforge-ng
2554,ranlib
2555,perl
2556,qmlplugindump
2557,llvm-cfi-verify-8
2558,ppmflash
2559,python3-futurize
2560,gtk-update-icon-cache
2561,pidstat
2562,pbmtobbnbg
2563,pgmtopbm
2564,ssh-add
2565,msf-egghunter
2566,tightvncconnect
2567,pi1toppm
2568,servertool
2569,shuf
2570,pth-smbget
2571,xdg-user-dir
2572,pygettext2
2573,pshell
2574,sslscan
2575,php7.3
2576,ps2ascii
2577,mawk
2578,debconf-copydb
2579,chfn
2580,pamstretch
2581,psfxtable
2582,atk6-implementation6
2583,linux64
2584,precat
2585,expect_weather
2586,animate-im6.q16
2587,pgbench
2588,get-edid
2589,grub-file
2590,repc
2591,install
2592,gpgparsemail
2593,tbl
2594,infocmp
2595,lli-8
2596,mingle
2597,reportbug
2598,shred
2599,pycompile
2600,nm-connection-editor
2601,bison
2602,mysqlimport
2603,sudoedit
2604,mysql_plugin
2605,python3
2606,sadf
2607,scanimage
2608,grub-mkrelpath
2609,jq
2610,gemtopnm
2611,install-printerdriver
2612,zipdetails
2613,kismet_cap_pcapfile
2614,bzip2
2615,setkeycodes
2616,metaflac
2617,atk6-extract_hosts6
2618,gresource
2619,systemd-stdio-bridge
2620,ss
2621,mysqlhotcopy
2622,bcomps
2623,msiexec-stable
2624,echo
2625,c++filt
2626,hwloc-info
2627,nslookup
2628,dislocate
2629,apt-config
2630,ppmquant
2631,dbus-daemon
2632,pnmalias
2633,update-desktop-database
2634,zip
2635,svnauthz-validate
2636,llvm-tblgen-8
2637,thunar-volman-settings
2638,ppmforge
2639,enum4linux
2640,waitress-serve-python2
2641,snmpstatus
2642,rpcinfo
2643,startxfce4
2644,pdf2dsc
2645,pngcrush
2646,wineboot-stable
2647,nsenter
2648,ps2pdf14
2649,pbmtoxbm
2650,atk6-fragmentation6
2651,bzgrep
2652,helpztags
2653,setlogcons
2654,xkeystone
2655,snmpkey
2656,bash
2657,pg_dump
2658,md5sum.textutils
2659,showkey
2660,atk6-fake_dnsupdate6
2661,dh_bash-completion
2662,hda-verb
2663,cisco-decrypt
2664,gopherd
2665,pbmtoicon
2666,aircrack-ng
2667,smbclient
2668,chardet3
2669,sparta
2670,grub-mknetdir
2671,winedbg-stable
2672,faraday-searcher
2673,jmod
2674,sane-find-scanner
2675,cp
2676,stunnel
2677,galera_recovery
2678,pr
2679,pf2afm
2680,psfgettable
2681,logresolve
2682,pngtopnm
2683,zipgrep
2684,qmleasing
2685,chmod
2686,irb
2687,lsattr
2688,pth-net
2689,xfce4-terminal.wrapper
2690,dpkg-parsechangelog
2691,xfce4-notes-settings
2692,jarsigner
2693,aria_read_log
2694,id
2695,systemd-escape
2696,filan
2697,pstree.x11
2698,imgtoppm
2699,cgpt
2700,proxychains
2701,pamdeinterlace
2702,apt-ftparchive
2703,svnrdump
2704,qmltestrunner
2705,tdbrestore
2706,sum
2707,cvtsudoers
2708,lprm
2709,python2-config
2710,hwloc-bind
2711,pixiewps
2712,gpic
2713,qmlscene
2714,llvm-split-8
2715,debconf-escape
2716,lzcmp
2717,pidof
2718,dbiproxy
2719,mktemp
2720,loadunimap
2721,gvfs-rename
2722,lsblk
2723,gcov-9
2724,python3-pasteurize
2725,mysql_upgrade
2726,bsd-from
2727,mysqlaccess
2728,cpp
2729,python-config
2730,cpp-9
2731,ipcmk
2732,timed-run
2733,pnmcat
2734,llvm-opt-report-8
2735,setsid
2736,r2pm
2737,pdfsig
2738,lwp-mirror
2739,hciconfig
2740,dcfujigreen
2741,fls
2742,lzmore
2743,mtrace
2744,moc
2745,ppmchange
2746,pacmd
2747,pnmsplit
2748,llvm-mca-8
2749,make-first-existing-target
2750,ppmshadow
2751,ppmlabel
2752,lpr
2753,markdown_py
2754,import-im6.q16
2755,sort
2756,tasksel
2757,msf-pattern_create
2758,dh_python3-ply
2759,atktopbm
2760,nc
2761,dpkg-deb
2762,x86_64-linux-gnu-nm
2763,ico
2764,cmuwmtopbm
2765,pkaction
2766,sctest
2767,od
2768,snmpbulkget
2769,mogrify-im6
2770,setoolkit
2771,nstat
2772,unshare
2773,jshell
2774,qmlimportscanner
2775,nm-online
2776,bmpblk_font
2777,wireshark
2778,xkbvleds
2779,grub-mkrescue
2780,pnmgamma
2781,xbiff
2782,hp2ps
2783,mp64
2784,linux-boot-prober
2785,qmlmin
2786,socat
2787,llvm-cxxmap-8
2788,mysql_find_rows
2789,zipinfo
2790,generic_chunked
2791,haddock
2792,procan
2793,bluemoon
